{
  "total_images": 1000,
  "total_objects": 1612,
  "total_time": 53.42211627960205,
  "avg_time_per_image_ms": 53.42211627960205,
  "avg_time_per_object_ms": 33.14027064491442,
  "category_distribution": {
    "长裤": 332,
    "上衣": 375,
    "长袖连衣裙": 63,
    "长袖上衣": 208,
    "裙子": 112,
    "短裤": 153,
    "长袖外套": 115,
    "背心连衣裙": 130,
    "短袖连衣裙": 65,
    "背心": 47,
    "吊带连衣裙": 7,
    "短袖外套": 5
  },
  "iou_avg": 0.354002298348479,
  "iou_min": 0.0,
  "iou_max": 0.9906493621056578,
  "iou_per_category": {
    "长裤": 0.1911178002377279,
    "上衣": 0.4875397285860192,
    "长袖连衣裙": 0.4567721876993382,
    "长袖上衣": 0.4866911664040599,
    "裙子": 0.09930987338096989,
    "短裤": 0.22130118777974825,
    "长袖外套": 0.4044835219518013,
    "背心连衣裙": 0.49820500933321044,
    "短袖连衣裙": 0.3436802517498827,
    "背心": 0.25392581125908464,
    "吊带连衣裙": 0.5448220949859095,
    "短袖外套": 0.002651731479438465
  },
  "meets_requirement": 